Workbook

Sheet analisi utilizzo passato
A1: hai già utilizzato in passato strumenti AI per lavorare in azienda?
B3: SI/NO | C3: Quale? | D3: Per quanto tempo
A4: Drigo A. | B4: FALSE
A5: Drigo M. | B5: FALSE
A6: Reginato | B6: FALSE
A7: Pierasco | B7: FALSE
A8: Pulzato | B8: FALSE
A9: Amistani | B9: FALSE
A10: Marcon | B10: FALSE
A11: Kaprakadan | B11: FALSE
A12: Ilie | B12: TRUE
A13: Pilat | B13: FALSE
A14: Biasutti | B14: TRUE
A15: De Biasi | B15: FALSE
A16: Manfrin | B16: TRUE | C16: Claude Max | D16: 6 mesi
A17: Corocher | B17: FALSE
A18: Scarabel | B18: FALSE
A19: Baseggio | B19: FALSE
A20: Dea Broi | B20: FALSE
A21: Lovisotto | B21: FALSE
A22: Caella | B22: FALSE
A23: Sevenello Mendoza | B23: FALSE
A24: De Vecchi | B24: FALSE
A25: Barresi | B25: FALSE
A27: =COUNTIF(B5:B25,TRUE) -> 3 | B27: persone stanno già usando strumenti AI

Sheet abbonamenti proposti
B1: PREMIUM | C1: STANDARD | D1: FREE | G1: PROPOSTA SUDDIVISIONE LICENZE
A2: Drigo A. | B2: FALSE | C2: FALSE | D2: TRUE | G2: UT Meccanico:
A3: Drigo M. | B3: FALSE | C3: FALSE | D3: TRUE
A4: Reginato | B4: FALSE | C4: FALSE | D4: TRUE | M4: APPROFONDIMENTI
A5: Pierasco | B5: FALSE | C5: FALSE | D5: TRUE
A6: Pulzato | B6: FALSE | C6: FALSE | D6: TRUE | G6: UT Software: | H6: licenza 1 | I6: Manfrin | J6: Pilat | K6: Marcon | M6: per codesys esiste un serevr MCP nativo da v3.5 SP22 | N6: https://www.codesys.com/ecosystem/release-lifecycle/releases-updates/development-system-mcp-server/ | O6: https://it.codesys.com/prodotti/engineering/ai-supported-engineering/
A7: Amistani | B7: FALSE | C7: FALSE | D7: TRUE | H7: licenza 2 | I7: Ilie | J7: Kaprakadan | K7: De Biasi | M7: kuka non ha ancora un MCP o CLI ma claude code può leggere/scrivere direttammente i .dat/.src | N7: https://www.kuka.com/en-de/company/iimagazine/2026/03/ai-coding-in-software-development
A8: Marcon | B8: FALSE | C8: FALSE | D8: TRUE | H8: licenza 3 | I8: Biasutti | J8: Amistani | K8: Pulzato | M8: cos'è un MCP? | N8: https://modelcontextprotocol.io/docs/getting-started/intro | O8: https://www.anthropic.com/news/model-context-protocol
A9: Kaprakadan | B9: FALSE | C9: FALSE | D9: TRUE | M9: claude per excel e word | N9: https://claude.com/claude-for-microsoft-365
A10: Ilie | B10: TRUE | C10: FALSE | D10: FALSE | M10: claude for small business | N10: https://www.anthropic.com/news/claude-for-small-business
A11: Pilat | B11: FALSE | C11: FALSE | D11: TRUE | M11: claude cowork: se lo fai con il computer puoi farlo con cowork | N11: https://claude.com/product/cowork
A12: Biasutti | B12: TRUE | C12: FALSE | D12: FALSE
A13: De Biasi | B13: FALSE | C13: FALSE | D13: TRUE
A14: Manfrin | B14: TRUE | C14: FALSE | D14: FALSE
A15: Corocher | B15: FALSE | C15: FALSE | D15: TRUE | G15: HR:
A16: Scarabel | B16: FALSE | C16: FALSE | D16: TRUE
A17: Baseggio | B17: FALSE | C17: FALSE | D17: TRUE
A18: Dea Broi | B18: FALSE | C18: FALSE | D18: TRUE | G18: Amministrazione: | H18: licenza 1 | I18: De Vecchi | J18: Caella | K18: Lovisotto
A19: Lovisotto | B19: FALSE | C19: FALSE | D19: TRUE | H19: licenza 2 | I19: Da Broi | J19: Barresi | K19: Sevenello
A20: Caella | B20: FALSE | C20: FALSE | D20: TRUE
A21: Sevenello Mendoza | B21: FALSE | C21: FALSE | D21: TRUE
A22: De Vecchi | B22: FALSE | C22: TRUE | D22: FALSE
A23: Barresi | B23: FALSE | C23: TRUE | D23: FALSE
B25: =COUNTIF(B2:B23,TRUE) -> 3 | C25: =COUNTIF(C2:C23,TRUE) -> 2 | D25: =COUNTIF(D2:D23,TRUE) -> 17
B26: per UT software | C26: per Amministrazione
A28: code e cowork (sistemi agentici) sono disponibili sono nei piani a pagamento e non in quelli gratuiti
A29: la differenza unica tra standard e premium sono i limiti di utilizzo
A30: durante la fase pilota le persone senza licenza a pagamento possono comunque usare la versione chat (free) per richieste semplici che semplificano comunque il lavoro (e.g. traduci questo pdf da eng a it, ricerche ...)

Sheet analisi pilota
B1: Crediti orari esauriti (n°) | C1: Crediti settimanali esauriti (n°) | D1: Volte costretto ad aspettare | E1: Ambito di utilizzo principale | G1: Giorni utilizzo (n°) | H1: Intensità prevalente | I1: Ambito più usato (diario)
A2: Drigo A.
A3: Drigo M.
A4: Reginato
A5: Pierasco
A6: Pulzato | B6: =COUNTIF(Pulzato!B:B,"Crediti orari") -> 0 | C6: =COUNTIF(Pulzato!B:B,"Crediti settimanali") -> 0 | D6: =COUNTIF(Pulzato!C:C,"Sì") -> 0 | E6: {=IF(COUNTA(Pulzato!D$3:D$1000)=0,"—",IFERROR(INDEX({"Codice/Programmazione","Analisi dati","Testo/Documentazione","Ricerca","Altro"},MATCH(MAX(COUNTIF(Pulzato!D$3:D$1000,{"Codice/Programmazione","Analisi dati","Testo/Documentazione","Ricerca","Altro"})),COUNTIF(Pulzato!D$3:D$1000,{"Codice/Programmazione","Analisi dati","Testo/Documentazione","Ricerca","Altro"}),0)),"—"))} -> — | G6: =COUNTIF(Pulzato!I:I,"Sì") -> 0 | H6: {=IF(COUNTA(Pulzato!J$3:J$1000)=0,"—",IFERROR(INDEX({"Leggero","Moderato","Intenso"},MATCH(MAX(COUNTIF(Pulzato!J$3:J$1000,{"Leggero","Moderato","Intenso"})),COUNTIF(Pulzato!J$3:J$1000,{"Leggero","Moderato","Intenso"}),0)),"—"))} -> — | I6: {=IF(COUNTA(Pulzato!K$3:K$1000)=0,"—",IFERROR(INDEX({"Codice/Programmazione","Analisi dati","Testo/Documentazione","Ricerca","Altro"},MATCH(MAX(COUNTIF(Pulzato!K$3:K$1000,{"Codice/Programmazione","Analisi dati","Testo/Documentazione","Ricerca","Altro"})),COUNTIF(Pulzato!K$3:K$1000,{"Codice/Programmazione","Analisi dati","Testo/Documentazione","Ricerca","Altro"}),0)),"—"))} -> —
A7: Amistani | B7: =COUNTIF(Amistani!B:B,"Crediti orari") -> 0 | C7: =COUNTIF(Amistani!B:B,"Crediti settimanali") -> 0 | D7: =COUNTIF(Amistani!C:C,"Sì") -> 0 | E7: {=IF(COUNTA(Amistani!D$3:D$1000)=0,"—",IFERROR(INDEX({"Codice/Programmazione","Analisi dati","Testo/Documentazione","Ricerca","Altro"},MATCH(MAX(COUNTIF(Amistani!D$3:D$1000,{"Codice/Programmazione","Analisi dati","Testo/Documentazione","Ricerca","Altro"})),COUNTIF(Amistani!D$3:D$1000,{"Codice/Programmazione","Analisi dati","Testo/Documentazione","Ricerca","Altro"}),0)),"—"))} -> — | G7: =COUNTIF(Amistani!I:I,"Sì") -> 0 | H7: {=IF(COUNTA(Amistani!J$3:J$1000)=0,"—",IFERROR(INDEX({"Leggero","Moderato","Intenso"},MATCH(MAX(COUNTIF(Amistani!J$3:J$1000,{"Leggero","Moderato","Intenso"})),COUNTIF(Amistani!J$3:J$1000,{"Leggero","Moderato","Intenso"}),0)),"—"))} -> — | I7: {=IF(COUNTA(Amistani!K$3:K$1000)=0,"—",IFERROR(INDEX({"Codice/Programmazione","Analisi dati","Testo/Documentazione","Ricerca","Altro"},MATCH(MAX(COUNTIF(Amistani!K$3:K$1000,{"Codice/Programmazione","Analisi dati","Testo/Documentazione","Ricerca","Altro"})),COUNTIF(Amistani!K$3:K$1000,{"Codice/Programmazione","Analisi dati","Testo/Documentazione","Ricerca","Altro"}),0)),"—"))} -> —
A8: Marcon | B8: =COUNTIF(Marcon!B:B,"Crediti orari") -> 0 | C8: =COUNTIF(Marcon!B:B,"Crediti settimanali") -> 0 | D8: =COUNTIF(Marcon!C:C,"Sì") -> 0 | E8: {=IF(COUNTA(Marcon!D$3:D$1000)=0,"—",IFERROR(INDEX({"Codice/Programmazione","Analisi dati","Testo/Documentazione","Ricerca","Altro"},MATCH(MAX(COUNTIF(Marcon!D$3:D$1000,{"Codice/Programmazione","Analisi dati","Testo/Documentazione","Ricerca","Altro"})),COUNTIF(Marcon!D$3:D$1000,{"Codice/Programmazione","Analisi dati","Testo/Documentazione","Ricerca","Altro"}),0)),"—"))} -> — | G8: =COUNTIF(Marcon!I:I,"Sì") -> 0 | H8: {=IF(COUNTA(Marcon!J$3:J$1000)=0,"—",IFERROR(INDEX({"Leggero","Moderato","Intenso"},MATCH(MAX(COUNTIF(Marcon!J$3:J$1000,{"Leggero","Moderato","Intenso"})),COUNTIF(Marcon!J$3:J$1000,{"Leggero","Moderato","Intenso"}),0)),"—"))} -> — | I8: {=IF(COUNTA(Marcon!K$3:K$1000)=0,"—",IFERROR(INDEX({"Codice/Programmazione","Analisi dati","Testo/Documentazione","Ricerca","Altro"},MATCH(MAX(COUNTIF(Marcon!K$3:K$1000,{"Codice/Programmazione","Analisi dati","Testo/Documentazione","Ricerca","Altro"})),COUNTIF(Marcon!K$3:K$1000,{"Codice/Programmazione","Analisi dati","Testo/Documentazione","Ricerca","Altro"}),0)),"—"))} -> —
A9: Kaprakadan | B9: =COUNTIF(Kaprakadan!B:B,"Crediti orari") -> 0 | C9: =COUNTIF(Kaprakadan!B:B,"Crediti settimanali") -> 0 | D9: =COUNTIF(Kaprakadan!C:C,"Sì") -> 0 | E9: {=IF(COUNTA(Kaprakadan!D$3:D$1000)=0,"—",IFERROR(INDEX({"Codice/Programmazione","Analisi dati","Testo/Documentazione","Ricerca","Altro"},MATCH(MAX(COUNTIF(Kaprakadan!D$3:D$1000,{"Codice/Programmazione","Analisi dati","Testo/Documentazione","Ricerca","Altro"})),COUNTIF(Kaprakadan!D$3:D$1000,{"Codice/Programmazione","Analisi dati","Testo/Documentazione","Ricerca","Altro"}),0)),"—"))} -> — | G9: =COUNTIF(Kaprakadan!I:I,"Sì") -> 0 | H9: {=IF(COUNTA(Kaprakadan!J$3:J$1000)=0,"—",IFERROR(INDEX({"Leggero","Moderato","Intenso"},MATCH(MAX(COUNTIF(Kaprakadan!J$3:J$1000,{"Leggero","Moderato","Intenso"})),COUNTIF(Kaprakadan!J$3:J$1000,{"Leggero","Moderato","Intenso"}),0)),"—"))} -> — | I9: {=IF(COUNTA(Kaprakadan!K$3:K$1000)=0,"—",IFERROR(INDEX({"Codice/Programmazione","Analisi dati","Testo/Documentazione","Ricerca","Altro"},MATCH(MAX(COUNTIF(Kaprakadan!K$3:K$1000,{"Codice/Programmazione","Analisi dati","Testo/Documentazione","Ricerca","Altro"})),COUNTIF(Kaprakadan!K$3:K$1000,{"Codice/Programmazione","Analisi dati","Testo/Documentazione","Ricerca","Altro"}),0)),"—"))} -> —
A10: Ilie | B10: =COUNTIF(Ilie!B:B,"Crediti orari") -> 0 | C10: =COUNTIF(Ilie!B:B,"Crediti settimanali") -> 0 | D10: =COUNTIF(Ilie!C:C,"Sì") -> 0 | E10: {=IF(COUNTA(Ilie!D$3:D$1000)=0,"—",IFERROR(INDEX({"Codice/Programmazione","Analisi dati","Testo/Documentazione","Ricerca","Altro"},MATCH(MAX(COUNTIF(Ilie!D$3:D$1000,{"Codice/Programmazione","Analisi dati","Testo/Documentazione","Ricerca","Altro"})),COUNTIF(Ilie!D$3:D$1000,{"Codice/Programmazione","Analisi dati","Testo/Documentazione","Ricerca","Altro"}),0)),"—"))} -> — | G10: =COUNTIF(Ilie!I:I,"Sì") -> 0 | H10: {=IF(COUNTA(Ilie!J$3:J$1000)=0,"—",IFERROR(INDEX({"Leggero","Moderato","Intenso"},MATCH(MAX(COUNTIF(Ilie!J$3:J$1000,{"Leggero","Moderato","Intenso"})),COUNTIF(Ilie!J$3:J$1000,{"Leggero","Moderato","Intenso"}),0)),"—"))} -> — | I10: {=IF(COUNTA(Ilie!K$3:K$1000)=0,"—",IFERROR(INDEX({"Codice/Programmazione","Analisi dati","Testo/Documentazione","Ricerca","Altro"},MATCH(MAX(COUNTIF(Ilie!K$3:K$1000,{"Codice/Programmazione","Analisi dati","Testo/Documentazione","Ricerca","Altro"})),COUNTIF(Ilie!K$3:K$1000,{"Codice/Programmazione","Analisi dati","Testo/Documentazione","Ricerca","Altro"}),0)),"—"))} -> —
A11: Pilat | B11: =COUNTIF(Pilat!B:B,"Crediti orari") -> 0 | C11: =COUNTIF(Pilat!B:B,"Crediti settimanali") -> 0 | D11: =COUNTIF(Pilat!C:C,"Sì") -> 0 | E11: {=IF(COUNTA(Pilat!D$3:D$1000)=0,"—",IFERROR(INDEX({"Codice/Programmazione","Analisi dati","Testo/Documentazione","Ricerca","Altro"},MATCH(MAX(COUNTIF(Pilat!D$3:D$1000,{"Codice/Programmazione","Analisi dati","Testo/Documentazione","Ricerca","Altro"})),COUNTIF(Pilat!D$3:D$1000,{"Codice/Programmazione","Analisi dati","Testo/Documentazione","Ricerca","Altro"}),0)),"—"))} -> — | G11: =COUNTIF(Pilat!I:I,"Sì") -> 0 | H11: {=IF(COUNTA(Pilat!J$3:J$1000)=0,"—",IFERROR(INDEX({"Leggero","Moderato","Intenso"},MATCH(MAX(COUNTIF(Pilat!J$3:J$1000,{"Leggero","Moderato","Intenso"})),COUNTIF(Pilat!J$3:J$1000,{"Leggero","Moderato","Intenso"}),0)),"—"))} -> — | I11: {=IF(COUNTA(Pilat!K$3:K$1000)=0,"—",IFERROR(INDEX({"Codice/Programmazione","Analisi dati","Testo/Documentazione","Ricerca","Altro"},MATCH(MAX(COUNTIF(Pilat!K$3:K$1000,{"Codice/Programmazione","Analisi dati","Testo/Documentazione","Ricerca","Altro"})),COUNTIF(Pilat!K$3:K$1000,{"Codice/Programmazione","Analisi dati","Testo/Documentazione","Ricerca","Altro"}),0)),"—"))} -> —
A12: Biasutti | B12: =COUNTIF(Biasutti!B:B,"Crediti orari") -> 0 | C12: =COUNTIF(Biasutti!B:B,"Crediti settimanali") -> 0 | D12: =COUNTIF(Biasutti!C:C,"Sì") -> 0 | E12: {=IF(COUNTA(Biasutti!D$3:D$1000)=0,"—",IFERROR(INDEX({"Codice/Programmazione","Analisi dati","Testo/Documentazione","Ricerca","Altro"},MATCH(MAX(COUNTIF(Biasutti!D$3:D$1000,{"Codice/Programmazione","Analisi dati","Testo/Documentazione","Ricerca","Altro"})),COUNTIF(Biasutti!D$3:D$1000,{"Codice/Programmazione","Analisi dati","Testo/Documentazione","Ricerca","Altro"}),0)),"—"))} -> — | G12: =COUNTIF(Biasutti!I:I,"Sì") -> 0 | H12: {=IF(COUNTA(Biasutti!J$3:J$1000)=0,"—",IFERROR(INDEX({"Leggero","Moderato","Intenso"},MATCH(MAX(COUNTIF(Biasutti!J$3:J$1000,{"Leggero","Moderato","Intenso"})),COUNTIF(Biasutti!J$3:J$1000,{"Leggero","Moderato","Intenso"}),0)),"—"))} -> — | I12: {=IF(COUNTA(Biasutti!K$3:K$1000)=0,"—",IFERROR(INDEX({"Codice/Programmazione","Analisi dati","Testo/Documentazione","Ricerca","Altro"},MATCH(MAX(COUNTIF(Biasutti!K$3:K$1000,{"Codice/Programmazione","Analisi dati","Testo/Documentazione","Ricerca","Altro"})),COUNTIF(Biasutti!K$3:K$1000,{"Codice/Programmazione","Analisi dati","Testo/Documentazione","Ricerca","Altro"}),0)),"—"))} -> —
A13: De Biasi | B13: =COUNTIF('De Biasi'!B:B,"Crediti orari") -> 0 | C13: =COUNTIF('De Biasi'!B:B,"Crediti settimanali") -> 0 | D13: =COUNTIF('De Biasi'!C:C,"Sì") -> 0 | E13: {=IF(COUNTA('De Biasi'!D$3:D$1000)=0,"—",IFERROR(INDEX({"Codice/Programmazione","Analisi dati","Testo/Documentazione","Ricerca","Altro"},MATCH(MAX(COUNTIF('De Biasi'!D$3:D$1000,{"Codice/Programmazione","Analisi dati","Testo/Documentazione","Ricerca","Altro"})),COUNTIF('De Biasi'!D$3:D$1000,{"Codice/Programmazione","Analisi dati","Testo/Documentazione","Ricerca","Altro"}),0)),"—"))} -> — | G13: =COUNTIF('De Biasi'!I:I,"Sì") -> 0 | H13: {=IF(COUNTA('De Biasi'!J$3:J$1000)=0,"—",IFERROR(INDEX({"Leggero","Moderato","Intenso"},MATCH(MAX(COUNTIF('De Biasi'!J$3:J$1000,{"Leggero","Moderato","Intenso"})),COUNTIF('De Biasi'!J$3:J$1000,{"Leggero","Moderato","Intenso"}),0)),"—"))} -> — | I13: {=IF(COUNTA('De Biasi'!K$3:K$1000)=0,"—",IFERROR(INDEX({"Codice/Programmazione","Analisi dati","Testo/Documentazione","Ricerca","Altro"},MATCH(MAX(COUNTIF('De Biasi'!K$3:K$1000,{"Codice/Programmazione","Analisi dati","Testo/Documentazione","Ricerca","Altro"})),COUNTIF('De Biasi'!K$3:K$1000,{"Codice/Programmazione","Analisi dati","Testo/Documentazione","Ricerca","Altro"}),0)),"—"))} -> —
A14: Manfrin | B14: =COUNTIF(Manfrin!B:B,"Crediti orari") -> 1 | C14: =COUNTIF(Manfrin!B:B,"Crediti settimanali") -> 0 | D14: =COUNTIF(Manfrin!C:C,"Sì") -> 1 | E14: {=IF(COUNTA(Manfrin!D$3:D$1000)=0,"—",IFERROR(INDEX({"Codice/Programmazione","Analisi dati","Testo/Documentazione","Ricerca","Altro"},MATCH(MAX(COUNTIF(Manfrin!D$3:D$1000,{"Codice/Programmazione","Analisi dati","Testo/Documentazione","Ricerca","Altro"})),COUNTIF(Manfrin!D$3:D$1000,{"Codice/Programmazione","Analisi dati","Testo/Documentazione","Ricerca","Altro"}),0)),"—"))} -> Codice/Programmazione | G14: =COUNTIF(Manfrin!I:I,"Sì") -> 2 | H14: {=IF(COUNTA(Manfrin!J$3:J$1000)=0,"—",IFERROR(INDEX({"Leggero","Moderato","Intenso"},MATCH(MAX(COUNTIF(Manfrin!J$3:J$1000,{"Leggero","Moderato","Intenso"})),COUNTIF(Manfrin!J$3:J$1000,{"Leggero","Moderato","Intenso"}),0)),"—"))} -> Moderato | I14: {=IF(COUNTA(Manfrin!K$3:K$1000)=0,"—",IFERROR(INDEX({"Codice/Programmazione","Analisi dati","Testo/Documentazione","Ricerca","Altro"},MATCH(MAX(COUNTIF(Manfrin!K$3:K$1000,{"Codice/Programmazione","Analisi dati","Testo/Documentazione","Ricerca","Altro"})),COUNTIF(Manfrin!K$3:K$1000,{"Codice/Programmazione","Analisi dati","Testo/Documentazione","Ricerca","Altro"}),0)),"—"))} -> Codice/Programmazione
A15: Corocher
A16: Scarabel
A17: Baseggio
A18: Da Broi | B18: =COUNTIF('Da Broi'!B:B,"Crediti orari") -> 0 | C18: =COUNTIF('Da Broi'!B:B,"Crediti settimanali") -> 0 | D18: =COUNTIF('Da Broi'!C:C,"Sì") -> 0 | E18: {=IF(COUNTA('Da Broi'!D$3:D$1000)=0,"—",IFERROR(INDEX({"Codice/Programmazione","Analisi dati","Testo/Documentazione","Ricerca","Altro"},MATCH(MAX(COUNTIF('Da Broi'!D$3:D$1000,{"Codice/Programmazione","Analisi dati","Testo/Documentazione","Ricerca","Altro"})),COUNTIF('Da Broi'!D$3:D$1000,{"Codice/Programmazione","Analisi dati","Testo/Documentazione","Ricerca","Altro"}),0)),"—"))} -> — | G18: =COUNTIF('Da Broi'!I:I,"Sì") -> 0 | H18: {=IF(COUNTA('Da Broi'!J$3:J$1000)=0,"—",IFERROR(INDEX({"Leggero","Moderato","Intenso"},MATCH(MAX(COUNTIF('Da Broi'!J$3:J$1000,{"Leggero","Moderato","Intenso"})),COUNTIF('Da Broi'!J$3:J$1000,{"Leggero","Moderato","Intenso"}),0)),"—"))} -> — | I18: {=IF(COUNTA('Da Broi'!K$3:K$1000)=0,"—",IFERROR(INDEX({"Codice/Programmazione","Analisi dati","Testo/Documentazione","Ricerca","Altro"},MATCH(MAX(COUNTIF('Da Broi'!K$3:K$1000,{"Codice/Programmazione","Analisi dati","Testo/Documentazione","Ricerca","Altro"})),COUNTIF('Da Broi'!K$3:K$1000,{"Codice/Programmazione","Analisi dati","Testo/Documentazione","Ricerca","Altro"}),0)),"—"))} -> —
A19: Lovisotto | B19: =COUNTIF(Lovisotto!B:B,"Crediti orari") -> 0 | C19: =COUNTIF(Lovisotto!B:B,"Crediti settimanali") -> 0 | D19: =COUNTIF(Lovisotto!C:C,"Sì") -> 0 | E19: {=IF(COUNTA(Lovisotto!D$3:D$1000)=0,"—",IFERROR(INDEX({"Codice/Programmazione","Analisi dati","Testo/Documentazione","Ricerca","Altro"},MATCH(MAX(COUNTIF(Lovisotto!D$3:D$1000,{"Codice/Programmazione","Analisi dati","Testo/Documentazione","Ricerca","Altro"})),COUNTIF(Lovisotto!D$3:D$1000,{"Codice/Programmazione","Analisi dati","Testo/Documentazione","Ricerca","Altro"}),0)),"—"))} -> — | G19: =COUNTIF(Lovisotto!I:I,"Sì") -> 0 | H19: {=IF(COUNTA(Lovisotto!J$3:J$1000)=0,"—",IFERROR(INDEX({"Leggero","Moderato","Intenso"},MATCH(MAX(COUNTIF(Lovisotto!J$3:J$1000,{"Leggero","Moderato","Intenso"})),COUNTIF(Lovisotto!J$3:J$1000,{"Leggero","Moderato","Intenso"}),0)),"—"))} -> — | I19: {=IF(COUNTA(Lovisotto!K$3:K$1000)=0,"—",IFERROR(INDEX({"Codice/Programmazione","Analisi dati","Testo/Documentazione","Ricerca","Altro"},MATCH(MAX(COUNTIF(Lovisotto!K$3:K$1000,{"Codice/Programmazione","Analisi dati","Testo/Documentazione","Ricerca","Altro"})),COUNTIF(Lovisotto!K$3:K$1000,{"Codice/Programmazione","Analisi dati","Testo/Documentazione","Ricerca","Altro"}),0)),"—"))} -> —
A20: Caella | B20: =COUNTIF(Caella!B:B,"Crediti orari") -> 0 | C20: =COUNTIF(Caella!B:B,"Crediti settimanali") -> 0 | D20: =COUNTIF(Caella!C:C,"Sì") -> 0 | E20: {=IF(COUNTA(Caella!D$3:D$1000)=0,"—",IFERROR(INDEX({"Codice/Programmazione","Analisi dati","Testo/Documentazione","Ricerca","Altro"},MATCH(MAX(COUNTIF(Caella!D$3:D$1000,{"Codice/Programmazione","Analisi dati","Testo/Documentazione","Ricerca","Altro"})),COUNTIF(Caella!D$3:D$1000,{"Codice/Programmazione","Analisi dati","Testo/Documentazione","Ricerca","Altro"}),0)),"—"))} -> — | G20: =COUNTIF(Caella!I:I,"Sì") -> 0 | H20: {=IF(COUNTA(Caella!J$3:J$1000)=0,"—",IFERROR(INDEX({"Leggero","Moderato","Intenso"},MATCH(MAX(COUNTIF(Caella!J$3:J$1000,{"Leggero","Moderato","Intenso"})),COUNTIF(Caella!J$3:J$1000,{"Leggero","Moderato","Intenso"}),0)),"—"))} -> — | I20: {=IF(COUNTA(Caella!K$3:K$1000)=0,"—",IFERROR(INDEX({"Codice/Programmazione","Analisi dati","Testo/Documentazione","Ricerca","Altro"},MATCH(MAX(COUNTIF(Caella!K$3:K$1000,{"Codice/Programmazione","Analisi dati","Testo/Documentazione","Ricerca","Altro"})),COUNTIF(Caella!K$3:K$1000,{"Codice/Programmazione","Analisi dati","Testo/Documentazione","Ricerca","Altro"}),0)),"—"))} -> —
A21: Sevenello Mendoza | B21: =COUNTIF('Sevenello Mendoza'!B:B,"Crediti orari") -> 0 | C21: =COUNTIF('Sevenello Mendoza'!B:B,"Crediti settimanali") -> 0 | D21: =COUNTIF('Sevenello Mendoza'!C:C,"Sì") -> 0 | E21: {=IF(COUNTA('Sevenello Mendoza'!D$3:D$1000)=0,"—",IFERROR(INDEX({"Codice/Programmazione","Analisi dati","Testo/Documentazione","Ricerca","Altro"},MATCH(MAX(COUNTIF('Sevenello Mendoza'!D$3:D$1000,{"Codice/Programmazione","Analisi dati","Testo/Documentazione","Ricerca","Altro"})),COUNTIF('Sevenello Mendoza'!D$3:D$1000,{"Codice/Programmazione","Analisi dati","Testo/Documentazione","Ricerca","Altro"}),0)),"—"))} -> — | G21: =COUNTIF('Sevenello Mendoza'!I:I,"Sì") -> 0 | H21: {=IF(COUNTA('Sevenello Mendoza'!J$3:J$1000)=0,"—",IFERROR(INDEX({"Leggero","Moderato","Intenso"},MATCH(MAX(COUNTIF('Sevenello Mendoza'!J$3:J$1000,{"Leggero","Moderato","Intenso"})),COUNTIF('Sevenello Mendoza'!J$3:J$1000,{"Leggero","Moderato","Intenso"}),0)),"—"))} -> — | I21: {=IF(COUNTA('Sevenello Mendoza'!K$3:K$1000)=0,"—",IFERROR(INDEX({"Codice/Programmazione","Analisi dati","Testo/Documentazione","Ricerca","Altro"},MATCH(MAX(COUNTIF('Sevenello Mendoza'!K$3:K$1000,{"Codice/Programmazione","Analisi dati","Testo/Documentazione","Ricerca","Altro"})),COUNTIF('Sevenello Mendoza'!K$3:K$1000,{"Codice/Programmazione","Analisi dati","Testo/Documentazione","Ricerca","Altro"}),0)),"—"))} -> —
A22: De Vecchi | B22: =COUNTIF('De Vecchi'!B:B,"Crediti orari") -> 0 | C22: =COUNTIF('De Vecchi'!B:B,"Crediti settimanali") -> 0 | D22: =COUNTIF('De Vecchi'!C:C,"Sì") -> 0 | E22: {=IF(COUNTA('De Vecchi'!D$3:D$1000)=0,"—",IFERROR(INDEX({"Codice/Programmazione","Analisi dati","Testo/Documentazione","Ricerca","Altro"},MATCH(MAX(COUNTIF('De Vecchi'!D$3:D$1000,{"Codice/Programmazione","Analisi dati","Testo/Documentazione","Ricerca","Altro"})),COUNTIF('De Vecchi'!D$3:D$1000,{"Codice/Programmazione","Analisi dati","Testo/Documentazione","Ricerca","Altro"}),0)),"—"))} -> — | G22: =COUNTIF('De Vecchi'!I:I,"Sì") -> 0 | H22: {=IF(COUNTA('De Vecchi'!J$3:J$1000)=0,"—",IFERROR(INDEX({"Leggero","Moderato","Intenso"},MATCH(MAX(COUNTIF('De Vecchi'!J$3:J$1000,{"Leggero","Moderato","Intenso"})),COUNTIF('De Vecchi'!J$3:J$1000,{"Leggero","Moderato","Intenso"}),0)),"—"))} -> — | I22: {=IF(COUNTA('De Vecchi'!K$3:K$1000)=0,"—",IFERROR(INDEX({"Codice/Programmazione","Analisi dati","Testo/Documentazione","Ricerca","Altro"},MATCH(MAX(COUNTIF('De Vecchi'!K$3:K$1000,{"Codice/Programmazione","Analisi dati","Testo/Documentazione","Ricerca","Altro"})),COUNTIF('De Vecchi'!K$3:K$1000,{"Codice/Programmazione","Analisi dati","Testo/Documentazione","Ricerca","Altro"}),0)),"—"))} -> —
A23: Barresi | B23: =COUNTIF(Barresi!B:B,"Crediti orari") -> 0 | C23: =COUNTIF(Barresi!B:B,"Crediti settimanali") -> 0 | D23: =COUNTIF(Barresi!C:C,"Sì") -> 0 | E23: {=IF(COUNTA(Barresi!D$3:D$1000)=0,"—",IFERROR(INDEX({"Codice/Programmazione","Analisi dati","Testo/Documentazione","Ricerca","Altro"},MATCH(MAX(COUNTIF(Barresi!D$3:D$1000,{"Codice/Programmazione","Analisi dati","Testo/Documentazione","Ricerca","Altro"})),COUNTIF(Barresi!D$3:D$1000,{"Codice/Programmazione","Analisi dati","Testo/Documentazione","Ricerca","Altro"}),0)),"—"))} -> — | G23: =COUNTIF(Barresi!I:I,"Sì") -> 0 | H23: {=IF(COUNTA(Barresi!J$3:J$1000)=0,"—",IFERROR(INDEX({"Leggero","Moderato","Intenso"},MATCH(MAX(COUNTIF(Barresi!J$3:J$1000,{"Leggero","Moderato","Intenso"})),COUNTIF(Barresi!J$3:J$1000,{"Leggero","Moderato","Intenso"}),0)),"—"))} -> — | I23: {=IF(COUNTA(Barresi!K$3:K$1000)=0,"—",IFERROR(INDEX({"Codice/Programmazione","Analisi dati","Testo/Documentazione","Ricerca","Altro"},MATCH(MAX(COUNTIF(Barresi!K$3:K$1000,{"Codice/Programmazione","Analisi dati","Testo/Documentazione","Ricerca","Altro"})),COUNTIF(Barresi!K$3:K$1000,{"Codice/Programmazione","Analisi dati","Testo/Documentazione","Ricerca","Altro"}),0)),"—"))} -> —

Sheet Manfrin
A1: Log utilizzo — Manfrin | H1: DIARIO UTILIZZO GIORNALIERO
A2: Data | B2: Tipo di limite | C2: Costretto ad aspettare? | D2: Ambito di utilizzo | E2: Durata attesa (min) | F2: Note | H2: Data | I2: Usato oggi? | J2: Intensità utilizzo | K2: Ambito principale | L2: Note
A3: 46188 | B3: Crediti orari | C3: Sì | D3: Codice/Programmazione | E3: 120 | H3: 46188 | I3: Sì | J3: Moderato | K3: Testo/Documentazione | L3: ho creto questo file excel
H4: 46189 | I4: Sì | J4: Intenso | K4: Codice/Programmazione | L4: ho riscritto il driver TCP

Sheet Pulzato
A1: Log utilizzo — Pulzato | H1: DIARIO UTILIZZO GIORNALIERO
A2: Data | B2: Tipo di limite | C2: Costretto ad aspettare? | D2: Ambito di utilizzo | E2: Durata attesa (min) | F2: Note | H2: Data | I2: Usato oggi? | J2: Intensità utilizzo | K2: Ambito principale | L2: Note

Sheet Amistani
A1: Log utilizzo — Amistani | H1: DIARIO UTILIZZO GIORNALIERO
A2: Data | B2: Tipo di limite | C2: Costretto ad aspettare? | D2: Ambito di utilizzo | E2: Durata attesa (min) | F2: Note | H2: Data | I2: Usato oggi? | J2: Intensità utilizzo | K2: Ambito principale | L2: Note

Sheet Marcon
A1: Log utilizzo — Marcon | H1: DIARIO UTILIZZO GIORNALIERO
A2: Data | B2: Tipo di limite | C2: Costretto ad aspettare? | D2: Ambito di utilizzo | E2: Durata attesa (min) | F2: Note | H2: Data | I2: Usato oggi? | J2: Intensità utilizzo | K2: Ambito principale | L2: Note

Sheet Kaprakadan
A1: Log utilizzo — Kaprakadan | H1: DIARIO UTILIZZO GIORNALIERO
A2: Data | B2: Tipo di limite | C2: Costretto ad aspettare? | D2: Ambito di utilizzo | E2: Durata attesa (min) | F2: Note | H2: Data | I2: Usato oggi? | J2: Intensità utilizzo | K2: Ambito principale | L2: Note

Sheet Ilie
A1: Log utilizzo — Ilie | H1: DIARIO UTILIZZO GIORNALIERO
A2: Data | B2: Tipo di limite | C2: Costretto ad aspettare? | D2: Ambito di utilizzo | E2: Durata attesa (min) | F2: Note | H2: Data | I2: Usato oggi? | J2: Intensità utilizzo | K2: Ambito principale | L2: Note

Sheet Pilat
A1: Log utilizzo — Pilat | H1: DIARIO UTILIZZO GIORNALIERO
A2: Data | B2: Tipo di limite | C2: Costretto ad aspettare? | D2: Ambito di utilizzo | E2: Durata attesa (min) | F2: Note | H2: Data | I2: Usato oggi? | J2: Intensità utilizzo | K2: Ambito principale | L2: Note

Sheet Biasutti
A1: Log utilizzo — Biasutti | H1: DIARIO UTILIZZO GIORNALIERO
A2: Data | B2: Tipo di limite | C2: Costretto ad aspettare? | D2: Ambito di utilizzo | E2: Durata attesa (min) | F2: Note | H2: Data | I2: Usato oggi? | J2: Intensità utilizzo | K2: Ambito principale | L2: Note

Sheet De Biasi
A1: Log utilizzo — De Biasi | H1: DIARIO UTILIZZO GIORNALIERO
A2: Data | B2: Tipo di limite | C2: Costretto ad aspettare? | D2: Ambito di utilizzo | E2: Durata attesa (min) | F2: Note | H2: Data | I2: Usato oggi? | J2: Intensità utilizzo | K2: Ambito principale | L2: Note

Sheet Da Broi
A1: Log utilizzo — Da Broi | H1: DIARIO UTILIZZO GIORNALIERO
A2: Data | B2: Tipo di limite | C2: Costretto ad aspettare? | D2: Ambito di utilizzo | E2: Durata attesa (min) | F2: Note | H2: Data | I2: Usato oggi? | J2: Intensità utilizzo | K2: Ambito principale | L2: Note

Sheet Lovisotto
A1: Log utilizzo — Lovisotto | H1: DIARIO UTILIZZO GIORNALIERO
A2: Data | B2: Tipo di limite | C2: Costretto ad aspettare? | D2: Ambito di utilizzo | E2: Durata attesa (min) | F2: Note | H2: Data | I2: Usato oggi? | J2: Intensità utilizzo | K2: Ambito principale | L2: Note

Sheet Caella
A1: Log utilizzo — Caella | H1: DIARIO UTILIZZO GIORNALIERO
A2: Data | B2: Tipo di limite | C2: Costretto ad aspettare? | D2: Ambito di utilizzo | E2: Durata attesa (min) | F2: Note | H2: Data | I2: Usato oggi? | J2: Intensità utilizzo | K2: Ambito principale | L2: Note

Sheet Sevenello Mendoza
A1: Log utilizzo — Sevenello Mendoza | H1: DIARIO UTILIZZO GIORNALIERO
A2: Data | B2: Tipo di limite | C2: Costretto ad aspettare? | D2: Ambito di utilizzo | E2: Durata attesa (min) | F2: Note | H2: Data | I2: Usato oggi? | J2: Intensità utilizzo | K2: Ambito principale | L2: Note

Sheet De Vecchi
A1: Log utilizzo — De Vecchi | H1: DIARIO UTILIZZO GIORNALIERO
A2: Data | B2: Tipo di limite | C2: Costretto ad aspettare? | D2: Ambito di utilizzo | E2: Durata attesa (min) | F2: Note | H2: Data | I2: Usato oggi? | J2: Intensità utilizzo | K2: Ambito principale | L2: Note

Sheet Barresi
A1: Log utilizzo — Barresi | H1: DIARIO UTILIZZO GIORNALIERO
A2: Data | B2: Tipo di limite | C2: Costretto ad aspettare? | D2: Ambito di utilizzo | E2: Durata attesa (min) | F2: Note | H2: Data | I2: Usato oggi? | J2: Intensità utilizzo | K2: Ambito principale | L2: Note
